{"noiseKey":{"private":{"type":"Buffer","data":"oFlAIOA913UnNkRx0zXTKmj0KlzW/lBN5SL9Huy3xXA="},"public":{"type":"Buffer","data":"WNtfPUn+HspXkNDSMLQgrAU8knxGRlFWO4I2hEyqTns="}},"pairingEphemeralKeyPair":{"private":{"type":"Buffer","data":"qB4ACwxYWOJUcM8E58ICaZS/mQTkz78RVIYrNwZyrG4="},"public":{"type":"Buffer","data":"GSwKjo93v2xmTbrRDPsqMivE6CpgqpS6a5QpuOxp2m8="}},"signedIdentityKey":{"private":{"type":"Buffer","data":"MAharto0hO6fA/lnJKy6P+rsY/x4bmsuKpO8+AHxEng="},"public":{"type":"Buffer","data":"3zYAS4h4BbCZgnvhh8pKf6kLUyn87QID+8v9Vwj7Z2Y="}},"signedPreKey":{"keyPair":{"private":{"type":"Buffer","data":"4P1F2sjBK/HOkB6uJ8LTxtdc8PximLGxsKltP4sWyUs="},"public":{"type":"Buffer","data":"mTzivnxuiwmoIaeWJF22zu2/QgeJ+RyopbVfShn2IRg="}},"signature":{"type":"Buffer","data":"CNLK4AtgyoNC5qSiAPwccMOBLX3e9vjEmF6E23KGsHsP4H+6tv7SYgVtIsJ0rH8IivyO7gcb9E95CaN7zIU4hQ=="},"keyId":1},"registrationId":92,"advSecretKey":"P5KFEdPBpTw3K6F5DMR0kMlRuUf12mDYjqfzGXBgYWM=","processedHistoryMessages":[{"key":{"remoteJid":"2348111992390@s.whatsapp.net","fromMe":true,"id":"3E225475DA04C32101BF1918F92DE2D5"},"messageTimestamp":1725015073}],"nextPreKeyId":31,"firstUnuploadedPreKeyId":31,"accountSyncCounter":1,"accountSettings":{"unarchiveChats":false},"deviceId":"9zy_9A-LSc2v3K5cXaVpHA","phoneId":"17738699-d673-4753-b897-7e141ff920e6","identityId":{"type":"Buffer","data":"Z7msPPyoRBQLz/502JAXKGcHmG0="},"registered":true,"backupToken":{"type":"Buffer","data":"nC3qIXJoxla5qRD/RiQqWZJmA5M="},"registration":{},"pairingCode":"FNXX869R","me":{"id":"2348111992390:5@s.whatsapp.net","lid":"218850578706512:5@lid","name":"🅓🅔🅢🅣🅡🅞🅨🅔🅡"},"account":{"details":"CK3R9PQBEJvIxrYGGAUgACgA","accountSignatureKey":"+cqCpKCm227bPcUm/wZWyuTD5BKkTFnvA0V4uZUpThk=","accountSignature":"4mV7tsMunbdJQMQ9LVHeJ0XOR3SxrwHr3bbZkIs4pVOpZ03tsyKxQV7r46fcijOrJgbvXf3ruy6Xr2nqM8A+CA==","deviceSignature":"3NjoCtNwWu3stdsOaxpyHne5ukFbM2WmRzGT+Pc2gTqxw9k1THX8xrCTRzury+soQUxMu9RjxMt2I3frJlTthw=="},"signalIdentities":[{"identifier":{"name":"2348111992390:5@s.whatsapp.net","deviceId":0},"identifierKey":{"type":"Buffer","data":"BfnKgqSgpttu2z3FJv8GVsrkw+QSpExZ7wNFeLmVKU4Z"}}],"platform":"android","lastAccountSyncTimestamp":1725015070,"myAppStateKeyId":"AAAAAFtl"}